﻿<?xml version="1.0" encoding="utf-8"?>
<deployment>
  <id>d2e9721f16294164154aafbd40219338b54ae9041764082292298</id>
  <author>Juanito040</author>
  <deployer>GitHub</deployer>
  <authorEmail />
  <message>{"type":"Deployment","sha":"d2e9721f16294164154aafbd40219338b54ae904","repoName":"Juanito040/Proyecto_FINALDEVOPS","actor":"Juanito040","slotName":"production"}</message>
  <progress />
  <status>Success</status>
  <statusText />
  <lastSuccessEndTime>2025-11-25T14:52:07.60181Z</lastSuccessEndTime>
  <receivedTime>2025-11-25T14:52:07.60181Z</receivedTime>
  <startTime>2025-11-25T14:52:07.60181Z</startTime>
  <endTime>2025-11-25T14:52:07.60181Z</endTime>
  <complete>True</complete>
  <is_temp>False</is_temp>
  <is_readonly>True</is_readonly>
  <buildSummary />
</deployment>